CDU_ID,GEO_CODE,GEO_LABEL,GEO_TYPE,GEO_TYP2,F2384,
,,,,,Population (usual residents) : All usual residents - Unit : Persons,
25514,E01006412,Knowsley 006A,Lower Super Output Areas and Data Zones,LSOADZ,1457,
25515,E01006413,Knowsley 006B,Lower Super Output Areas and Data Zones,LSOADZ,1419,
25516,E01006414,Knowsley 006C,Lower Super Output Areas and Data Zones,LSOADZ,1366,
25517,E01006415,Knowsley 003A,Lower Super Output Areas and Data Zones,LSOADZ,2101,
25518,E01006416,Knowsley 005A,Lower Super Output Areas and Data Zones,LSOADZ,1451,
25519,E01006417,Knowsley 003B,Lower Super Output Areas and Data Zones,LSOADZ,1310,
25520,E01006418,Knowsley 005B,Lower Super Output Areas and Data Zones,LSOADZ,1357,
25521,E01006419,Knowsley 019A,Lower Super Output Areas and Data Zones,LSOADZ,1492,
25522,E01006420,Knowsley 017A,Lower Super Output Areas and Data Zones,LSOADZ,2066,
25523,E01006421,Knowsley 018A,Lower Super Output Areas and Data Zones,LSOADZ,1210,
25524,E01006422,Knowsley 019B,Lower Super Output Areas and Data Zones,LSOADZ,1269,
25525,E01006423,Knowsley 019C,Lower Super Output Areas and Data Zones,LSOADZ,1426,
25526,E01006424,Knowsley 017B,Lower Super Output Areas and Data Zones,LSOADZ,2070,
25527,E01006425,Knowsley 018B,Lower Super Output Areas and Data Zones,LSOADZ,1362,
25528,E01006426,Knowsley 020A,Lower Super Output Areas and Data Zones,LSOADZ,1230,
25529,E01006427,Knowsley 019D,Lower Super Output Areas and Data Zones,LSOADZ,1450,
25530,E01006428,Knowsley 020B,Lower Super Output Areas and Data Zones,LSOADZ,1511,
25531,E01006429,Knowsley 020C,Lower Super Output Areas and Data Zones,LSOADZ,1131,
25532,E01006430,Knowsley 018C,Lower Super Output Areas and Data Zones,LSOADZ,1332,
25533,E01006431,Knowsley 020D,Lower Super Output Areas and Data Zones,LSOADZ,1672,
25534,E01006432,Knowsley 020E,Lower Super Output Areas and Data Zones,LSOADZ,1526,
25535,E01006433,Knowsley 018D,Lower Super Output Areas and Data Zones,LSOADZ,1439,
25536,E01006434,Knowsley 005C,Lower Super Output Areas and Data Zones,LSOADZ,1521,
25537,E01006435,Knowsley 005D,Lower Super Output Areas and Data Zones,LSOADZ,1556,
25538,E01006436,Knowsley 003C,Lower Super Output Areas and Data Zones,LSOADZ,1466,
25539,E01006437,Knowsley 003D,Lower Super Output Areas and Data Zones,LSOADZ,1369,
25540,E01006438,Knowsley 005E,Lower Super Output Areas and Data Zones,LSOADZ,1200,
25541,E01006439,Knowsley 005F,Lower Super Output Areas and Data Zones,LSOADZ,1613,
25542,E01006440,Knowsley 010A,Lower Super Output Areas and Data Zones,LSOADZ,1454,
25543,E01006441,Knowsley 006D,Lower Super Output Areas and Data Zones,LSOADZ,2402,
25544,E01006442,Knowsley 010B,Lower Super Output Areas and Data Zones,LSOADZ,1272,
25545,E01006443,Knowsley 010C,Lower Super Output Areas and Data Zones,LSOADZ,1395,
25546,E01006444,Knowsley 010D,Lower Super Output Areas and Data Zones,LSOADZ,1383,
25547,E01006445,Knowsley 010E,Lower Super Output Areas and Data Zones,LSOADZ,1329,
25548,E01006446,Knowsley 005G,Lower Super Output Areas and Data Zones,LSOADZ,1364,
25549,E01006447,Knowsley 003E,Lower Super Output Areas and Data Zones,LSOADZ,1357,
25550,E01006448,Knowsley 001A,Lower Super Output Areas and Data Zones,LSOADZ,1677,
25551,E01006449,Knowsley 012A,Lower Super Output Areas and Data Zones,LSOADZ,1504,
25552,E01006450,Knowsley 012B,Lower Super Output Areas and Data Zones,LSOADZ,1422,
25553,E01006451,Knowsley 012C,Lower Super Output Areas and Data Zones,LSOADZ,1481,
25554,E01006452,Knowsley 012D,Lower Super Output Areas and Data Zones,LSOADZ,1528,
25555,E01006453,Knowsley 008A,Lower Super Output Areas and Data Zones,LSOADZ,1223,
25556,E01006454,Knowsley 002A,Lower Super Output Areas and Data Zones,LSOADZ,1222,
25557,E01006455,Knowsley 004A,Lower Super Output Areas and Data Zones,LSOADZ,1694,
25558,E01006456,Knowsley 002B,Lower Super Output Areas and Data Zones,LSOADZ,1595,
25559,E01006457,Knowsley 002C,Lower Super Output Areas and Data Zones,LSOADZ,1188,
25560,E01006458,Knowsley 002D,Lower Super Output Areas and Data Zones,LSOADZ,1413,
25561,E01006459,Knowsley 009A,Lower Super Output Areas and Data Zones,LSOADZ,1612,
25562,E01006460,Knowsley 007A,Lower Super Output Areas and Data Zones,LSOADZ,1576,
25563,E01006461,Knowsley 007B,Lower Super Output Areas and Data Zones,LSOADZ,1590,
25564,E01006462,Knowsley 009B,Lower Super Output Areas and Data Zones,LSOADZ,1514,
25565,E01006463,Knowsley 007C,Lower Super Output Areas and Data Zones,LSOADZ,1868,
25566,E01006464,Knowsley 007D,Lower Super Output Areas and Data Zones,LSOADZ,1617,
25567,E01006465,Knowsley 011A,Lower Super Output Areas and Data Zones,LSOADZ,1686,
25568,E01006466,Knowsley 007E,Lower Super Output Areas and Data Zones,LSOADZ,1549,
25569,E01006467,Knowsley 008B,Lower Super Output Areas and Data Zones,LSOADZ,1275,
25570,E01006470,Knowsley 008E,Lower Super Output Areas and Data Zones,LSOADZ,1375,
25571,E01006471,Knowsley 016A,Lower Super Output Areas and Data Zones,LSOADZ,1487,
25572,E01006472,Knowsley 014A,Lower Super Output Areas and Data Zones,LSOADZ,1565,
25573,E01006473,Knowsley 016B,Lower Super Output Areas and Data Zones,LSOADZ,1248,
25574,E01006474,Knowsley 016C,Lower Super Output Areas and Data Zones,LSOADZ,1483,
25575,E01006475,Knowsley 016D,Lower Super Output Areas and Data Zones,LSOADZ,1526,
25576,E01006476,Knowsley 016E,Lower Super Output Areas and Data Zones,LSOADZ,1428,
25577,E01006477,Knowsley 015A,Lower Super Output Areas and Data Zones,LSOADZ,1386,
25578,E01006478,Knowsley 015B,Lower Super Output Areas and Data Zones,LSOADZ,1361,
25579,E01006479,Knowsley 015C,Lower Super Output Areas and Data Zones,LSOADZ,1395,
25580,E01006480,Knowsley 015D,Lower Super Output Areas and Data Zones,LSOADZ,1369,
25581,E01006481,Knowsley 015E,Lower Super Output Areas and Data Zones,LSOADZ,1346,
25582,E01006482,Knowsley 011B,Lower Super Output Areas and Data Zones,LSOADZ,1530,
25583,E01006483,Knowsley 011C,Lower Super Output Areas and Data Zones,LSOADZ,1341,
25584,E01006484,Knowsley 011D,Lower Super Output Areas and Data Zones,LSOADZ,1376,
25585,E01006485,Knowsley 014B,Lower Super Output Areas and Data Zones,LSOADZ,1544,
25586,E01006486,Knowsley 014C,Lower Super Output Areas and Data Zones,LSOADZ,1172,
25587,E01006487,Knowsley 014D,Lower Super Output Areas and Data Zones,LSOADZ,1529,
25588,E01006488,Knowsley 014E,Lower Super Output Areas and Data Zones,LSOADZ,1753,
25589,E01006489,Knowsley 014F,Lower Super Output Areas and Data Zones,LSOADZ,1434,
25590,E01006490,Knowsley 002E,Lower Super Output Areas and Data Zones,LSOADZ,2757,
25591,E01006491,Knowsley 002F,Lower Super Output Areas and Data Zones,LSOADZ,1970,
25592,E01006492,Knowsley 001B,Lower Super Output Areas and Data Zones,LSOADZ,1358,
25593,E01006493,Knowsley 001C,Lower Super Output Areas and Data Zones,LSOADZ,1115,
25594,E01006494,Knowsley 001D,Lower Super Output Areas and Data Zones,LSOADZ,1429,
25595,E01006495,Knowsley 001E,Lower Super Output Areas and Data Zones,LSOADZ,1872,
25596,E01006496,Knowsley 009C,Lower Super Output Areas and Data Zones,LSOADZ,1377,
25597,E01006497,Knowsley 013A,Lower Super Output Areas and Data Zones,LSOADZ,1073,
25598,E01006498,Knowsley 009D,Lower Super Output Areas and Data Zones,LSOADZ,1574,
25599,E01006499,Knowsley 009E,Lower Super Output Areas and Data Zones,LSOADZ,1591,
25600,E01006500,Knowsley 013B,Lower Super Output Areas and Data Zones,LSOADZ,1109,
25601,E01006501,Knowsley 013C,Lower Super Output Areas and Data Zones,LSOADZ,1431,
25602,E01006502,Knowsley 017C,Lower Super Output Areas and Data Zones,LSOADZ,1739,
25603,E01006503,Knowsley 017D,Lower Super Output Areas and Data Zones,LSOADZ,1243,
25604,E01006504,Knowsley 013D,Lower Super Output Areas and Data Zones,LSOADZ,1376,
25605,E01006505,Knowsley 013E,Lower Super Output Areas and Data Zones,LSOADZ,1750,
25606,E01006506,Knowsley 004B,Lower Super Output Areas and Data Zones,LSOADZ,1351,
25607,E01006507,Knowsley 004C,Lower Super Output Areas and Data Zones,LSOADZ,1428,
25608,E01006508,Knowsley 004D,Lower Super Output Areas and Data Zones,LSOADZ,1394,
25609,E01006509,Knowsley 004E,Lower Super Output Areas and Data Zones,LSOADZ,1640,
25610,E01006510,Knowsley 004F,Lower Super Output Areas and Data Zones,LSOADZ,1199,
25611,E01006512,Liverpool 031A,Lower Super Output Areas and Data Zones,LSOADZ,1880,
25612,E01006513,Liverpool 060A,Lower Super Output Areas and Data Zones,LSOADZ,2941,
25613,E01006514,Liverpool 037A,Lower Super Output Areas and Data Zones,LSOADZ,2108,
25614,E01006515,Liverpool 037B,Lower Super Output Areas and Data Zones,LSOADZ,1208,
25615,E01006518,Liverpool 044A,Lower Super Output Areas and Data Zones,LSOADZ,1696,
25616,E01006519,Liverpool 056A,Lower Super Output Areas and Data Zones,LSOADZ,1286,
25617,E01006520,Liverpool 043A,Lower Super Output Areas and Data Zones,LSOADZ,1706,
25618,E01006521,Liverpool 052A,Lower Super Output Areas and Data Zones,LSOADZ,1660,
25619,E01006522,Liverpool 048A,Lower Super Output Areas and Data Zones,LSOADZ,1731,
25620,E01006523,Liverpool 052B,Lower Super Output Areas and Data Zones,LSOADZ,1508,
25621,E01006524,Liverpool 048B,Lower Super Output Areas and Data Zones,LSOADZ,2431,
25622,E01006525,Liverpool 049A,Lower Super Output Areas and Data Zones,LSOADZ,1209,
25623,E01006526,Liverpool 048C,Lower Super Output Areas and Data Zones,LSOADZ,1404,
25624,E01006527,Liverpool 053A,Lower Super Output Areas and Data Zones,LSOADZ,1454,
25625,E01006528,Liverpool 052C,Lower Super Output Areas and Data Zones,LSOADZ,1461,
25626,E01006529,Liverpool 048D,Lower Super Output Areas and Data Zones,LSOADZ,1304,
25627,E01006530,Liverpool 055A,Lower Super Output Areas and Data Zones,LSOADZ,1431,
25628,E01006531,Liverpool 055B,Lower Super Output Areas and Data Zones,LSOADZ,1458,
25629,E01006532,Liverpool 047A,Lower Super Output Areas and Data Zones,LSOADZ,1557,
25630,E01006533,Liverpool 055C,Lower Super Output Areas and Data Zones,LSOADZ,1408,
25631,E01006534,Liverpool 054A,Lower Super Output Areas and Data Zones,LSOADZ,1542,
25632,E01006535,Liverpool 054B,Lower Super Output Areas and Data Zones,LSOADZ,1639,
25633,E01006536,Liverpool 054C,Lower Super Output Areas and Data Zones,LSOADZ,1848,
25634,E01006537,Liverpool 055D,Lower Super Output Areas and Data Zones,LSOADZ,2257,
25635,E01006538,Liverpool 055E,Lower Super Output Areas and Data Zones,LSOADZ,1318,
25636,E01006539,Liverpool 047B,Lower Super Output Areas and Data Zones,LSOADZ,1437,
25637,E01006540,Liverpool 024A,Lower Super Output Areas and Data Zones,LSOADZ,1509,
25638,E01006541,Liverpool 015A,Lower Super Output Areas and Data Zones,LSOADZ,1593,
25639,E01006542,Liverpool 018A,Lower Super Output Areas and Data Zones,LSOADZ,1397,
25640,E01006543,Liverpool 015B,Lower Super Output Areas and Data Zones,LSOADZ,1247,
25641,E01006544,Liverpool 015C,Lower Super Output Areas and Data Zones,LSOADZ,1658,
25642,E01006545,Liverpool 019A,Lower Super Output Areas and Data Zones,LSOADZ,1512,
25643,E01006546,Liverpool 019B,Lower Super Output Areas and Data Zones,LSOADZ,1319,
25644,E01006547,Liverpool 019C,Lower Super Output Areas and Data Zones,LSOADZ,1490,
25645,E01006548,Liverpool 019D,Lower Super Output Areas and Data Zones,LSOADZ,1675,
25646,E01006549,Liverpool 043B,Lower Super Output Areas and Data Zones,LSOADZ,1662,
25647,E01006550,Liverpool 038A,Lower Super Output Areas and Data Zones,LSOADZ,1595,
25648,E01006551,Liverpool 048E,Lower Super Output Areas and Data Zones,LSOADZ,1581,
25649,E01006552,Liverpool 039A,Lower Super Output Areas and Data Zones,LSOADZ,2029,
25650,E01006553,Liverpool 042A,Lower Super Output Areas and Data Zones,LSOADZ,1880,
25651,E01006554,Liverpool 048F,Lower Super Output Areas and Data Zones,LSOADZ,1692,
25652,E01006556,Liverpool 039B,Lower Super Output Areas and Data Zones,LSOADZ,2011,
25653,E01006557,Liverpool 038B,Lower Super Output Areas and Data Zones,LSOADZ,2054,
25654,E01006558,Liverpool 018B,Lower Super Output Areas and Data Zones,LSOADZ,1357,
25655,E01006560,Liverpool 023A,Lower Super Output Areas and Data Zones,LSOADZ,1860,
25656,E01006562,Liverpool 018E,Lower Super Output Areas and Data Zones,LSOADZ,1514,
25657,E01006563,Liverpool 024B,Lower Super Output Areas and Data Zones,LSOADZ,1744,
25658,E01006564,Liverpool 023B,Lower Super Output Areas and Data Zones,LSOADZ,1721,
25659,E01006565,Liverpool 029A,Lower Super Output Areas and Data Zones,LSOADZ,1549,
25660,E01006566,Liverpool 032A,Lower Super Output Areas and Data Zones,LSOADZ,1506,
25661,E01006567,Liverpool 026A,Lower Super Output Areas and Data Zones,LSOADZ,1655,
25662,E01006568,Liverpool 026B,Lower Super Output Areas and Data Zones,LSOADZ,1617,
25663,E01006569,Liverpool 029B,Lower Super Output Areas and Data Zones,LSOADZ,1429,
25664,E01006570,Liverpool 026C,Lower Super Output Areas and Data Zones,LSOADZ,1479,
25665,E01006571,Liverpool 026D,Lower Super Output Areas and Data Zones,LSOADZ,1470,
25666,E01006572,Liverpool 025A,Lower Super Output Areas and Data Zones,LSOADZ,1207,
25667,E01006573,Liverpool 029C,Lower Super Output Areas and Data Zones,LSOADZ,1501,
25668,E01006574,Liverpool 025B,Lower Super Output Areas and Data Zones,LSOADZ,1388,
25669,E01006575,Liverpool 034A,Lower Super Output Areas and Data Zones,LSOADZ,1294,
25670,E01006576,Liverpool 034B,Lower Super Output Areas and Data Zones,LSOADZ,1693,
25671,E01006577,Liverpool 034C,Lower Super Output Areas and Data Zones,LSOADZ,1503,
25672,E01006578,Liverpool 036A,Lower Super Output Areas and Data Zones,LSOADZ,1380,
25673,E01006579,Liverpool 034D,Lower Super Output Areas and Data Zones,LSOADZ,1643,
25674,E01006580,Liverpool 036B,Lower Super Output Areas and Data Zones,LSOADZ,1335,
25675,E01006581,Liverpool 036C,Lower Super Output Areas and Data Zones,LSOADZ,1559,
25676,E01006582,Liverpool 041A,Lower Super Output Areas and Data Zones,LSOADZ,1642,
25677,E01006583,Liverpool 047C,Lower Super Output Areas and Data Zones,LSOADZ,1758,
25678,E01006584,Liverpool 034E,Lower Super Output Areas and Data Zones,LSOADZ,1393,
25679,E01006585,Liverpool 032B,Lower Super Output Areas and Data Zones,LSOADZ,1354,
25680,E01006586,Liverpool 032C,Lower Super Output Areas and Data Zones,LSOADZ,1899,
25681,E01006587,Liverpool 032D,Lower Super Output Areas and Data Zones,LSOADZ,1624,
25682,E01006588,Liverpool 042C,Lower Super Output Areas and Data Zones,LSOADZ,1569,
25683,E01006589,Liverpool 041B,Lower Super Output Areas and Data Zones,LSOADZ,1518,
25684,E01006590,Liverpool 042D,Lower Super Output Areas and Data Zones,LSOADZ,1642,
25685,E01006591,Liverpool 041C,Lower Super Output Areas and Data Zones,LSOADZ,1633,
25686,E01006592,Liverpool 041D,Lower Super Output Areas and Data Zones,LSOADZ,1565,
25687,E01006593,Liverpool 042E,Lower Super Output Areas and Data Zones,LSOADZ,1541,
25688,E01006594,Liverpool 047D,Lower Super Output Areas and Data Zones,LSOADZ,1410,
25689,E01006595,Liverpool 049B,Lower Super Output Areas and Data Zones,LSOADZ,1745,
25690,E01006596,Liverpool 049C,Lower Super Output Areas and Data Zones,LSOADZ,1451,
25691,E01006597,Liverpool 041E,Lower Super Output Areas and Data Zones,LSOADZ,1667,
25692,E01006598,Liverpool 010A,Lower Super Output Areas and Data Zones,LSOADZ,1361,
25693,E01006599,Liverpool 010B,Lower Super Output Areas and Data Zones,LSOADZ,1121,
25694,E01006600,Liverpool 011A,Lower Super Output Areas and Data Zones,LSOADZ,1407,
25695,E01006603,Liverpool 011B,Lower Super Output Areas and Data Zones,LSOADZ,1410,
25696,E01006604,Liverpool 016A,Lower Super Output Areas and Data Zones,LSOADZ,1367,
25697,E01006605,Liverpool 016B,Lower Super Output Areas and Data Zones,LSOADZ,1531,
25698,E01006606,Liverpool 020A,Lower Super Output Areas and Data Zones,LSOADZ,1521,
25699,E01006607,Liverpool 008A,Lower Super Output Areas and Data Zones,LSOADZ,1531,
25700,E01006608,Liverpool 009A,Lower Super Output Areas and Data Zones,LSOADZ,1215,
25701,E01006609,Liverpool 009B,Lower Super Output Areas and Data Zones,LSOADZ,1283,
25702,E01006610,Liverpool 009C,Lower Super Output Areas and Data Zones,LSOADZ,1397,
25703,E01006611,Liverpool 012A,Lower Super Output Areas and Data Zones,LSOADZ,1291,
25704,E01006612,Liverpool 008B,Lower Super Output Areas and Data Zones,LSOADZ,1495,
25705,E01006613,Liverpool 009D,Lower Super Output Areas and Data Zones,LSOADZ,1360,
25706,E01006614,Liverpool 012B,Lower Super Output Areas and Data Zones,LSOADZ,1322,
25707,E01006615,Liverpool 012C,Lower Super Output Areas and Data Zones,LSOADZ,1302,
25708,E01006616,Liverpool 015D,Lower Super Output Areas and Data Zones,LSOADZ,1428,
25709,E01006617,Liverpool 021A,Lower Super Output Areas and Data Zones,LSOADZ,1421,
25710,E01006618,Liverpool 016C,Lower Super Output Areas and Data Zones,LSOADZ,1639,
25711,E01006619,Liverpool 021B,Lower Super Output Areas and Data Zones,LSOADZ,1599,
25712,E01006620,Liverpool 021C,Lower Super Output Areas and Data Zones,LSOADZ,1417,
25713,E01006621,Liverpool 021D,Lower Super Output Areas and Data Zones,LSOADZ,1468,
25714,E01006622,Liverpool 021E,Lower Super Output Areas and Data Zones,LSOADZ,1519,
25715,E01006623,Liverpool 013A,Lower Super Output Areas and Data Zones,LSOADZ,1462,
25716,E01006624,Liverpool 013B,Lower Super Output Areas and Data Zones,LSOADZ,1556,
25717,E01006625,Liverpool 016D,Lower Super Output Areas and Data Zones,LSOADZ,1416,
25718,E01006626,Liverpool 016E,Lower Super Output Areas and Data Zones,LSOADZ,1448,
25719,E01006627,Liverpool 013C,Lower Super Output Areas and Data Zones,LSOADZ,1378,
25720,E01006628,Liverpool 052D,Lower Super Output Areas and Data Zones,LSOADZ,1874,
25721,E01006629,Liverpool 052E,Lower Super Output Areas and Data Zones,LSOADZ,1255,
25722,E01006630,Liverpool 044B,Lower Super Output Areas and Data Zones,LSOADZ,1338,
25723,E01006632,Liverpool 044C,Lower Super Output Areas and Data Zones,LSOADZ,1842,
25724,E01006633,Liverpool 050B,Lower Super Output Areas and Data Zones,LSOADZ,1432,
25725,E01006637,Liverpool 017A,Lower Super Output Areas and Data Zones,LSOADZ,1596,
25726,E01006638,Liverpool 017B,Lower Super Output Areas and Data Zones,LSOADZ,1219,
25727,E01006639,Liverpool 017C,Lower Super Output Areas and Data Zones,LSOADZ,1509,
25728,E01006640,Liverpool 021F,Lower Super Output Areas and Data Zones,LSOADZ,1880,
25729,E01006641,Liverpool 025C,Lower Super Output Areas and Data Zones,LSOADZ,1740,
25730,E01006642,Liverpool 025D,Lower Super Output Areas and Data Zones,LSOADZ,1290,
25731,E01006643,Liverpool 025E,Lower Super Output Areas and Data Zones,LSOADZ,1822,
25732,E01006644,Liverpool 017D,Lower Super Output Areas and Data Zones,LSOADZ,2040,
25733,E01006645,Liverpool 017E,Lower Super Output Areas and Data Zones,LSOADZ,1424,
25734,E01006646,Liverpool 023C,Lower Super Output Areas and Data Zones,LSOADZ,1899,
25735,E01006647,Liverpool 024C,Lower Super Output Areas and Data Zones,LSOADZ,1422,
25736,E01006648,Liverpool 023D,Lower Super Output Areas and Data Zones,LSOADZ,2175,
25737,E01006651,Liverpool 001A,Lower Super Output Areas and Data Zones,LSOADZ,1642,
25738,E01006652,Liverpool 002A,Lower Super Output Areas and Data Zones,LSOADZ,1505,
25739,E01006653,Liverpool 001B,Lower Super Output Areas and Data Zones,LSOADZ,1520,
25740,E01006654,Liverpool 005A,Lower Super Output Areas and Data Zones,LSOADZ,1513,
25741,E01006655,Liverpool 001C,Lower Super Output Areas and Data Zones,LSOADZ,1758,
25742,E01006656,Liverpool 002B,Lower Super Output Areas and Data Zones,LSOADZ,1493,
25743,E01006657,Liverpool 002C,Lower Super Output Areas and Data Zones,LSOADZ,1211,
25744,E01006658,Liverpool 001D,Lower Super Output Areas and Data Zones,LSOADZ,1300,
25745,E01006659,Liverpool 005B,Lower Super Output Areas and Data Zones,LSOADZ,1765,
25746,E01006660,Liverpool 001E,Lower Super Output Areas and Data Zones,LSOADZ,1433,
25747,E01006661,Liverpool 004A,Lower Super Output Areas and Data Zones,LSOADZ,1663,
25748,E01006662,Liverpool 004B,Lower Super Output Areas and Data Zones,LSOADZ,1775,
25749,E01006663,Liverpool 004C,Lower Super Output Areas and Data Zones,LSOADZ,1153,
25750,E01006664,Liverpool 004D,Lower Super Output Areas and Data Zones,LSOADZ,1795,
25751,E01006665,Liverpool 007A,Lower Super Output Areas and Data Zones,LSOADZ,1555,
25752,E01006666,Liverpool 007B,Lower Super Output Areas and Data Zones,LSOADZ,1504,
25753,E01006667,Liverpool 007C,Lower Super Output Areas and Data Zones,LSOADZ,1453,
25754,E01006668,Liverpool 007D,Lower Super Output Areas and Data Zones,LSOADZ,1534,
25755,E01006669,Liverpool 004E,Lower Super Output Areas and Data Zones,LSOADZ,1470,
25756,E01006670,Liverpool 007E,Lower Super Output Areas and Data Zones,LSOADZ,1526,
25757,E01006671,Liverpool 013D,Lower Super Output Areas and Data Zones,LSOADZ,1355,
25758,E01006672,Liverpool 010E,Lower Super Output Areas and Data Zones,LSOADZ,1955,
25759,E01006673,Liverpool 037D,Lower Super Output Areas and Data Zones,LSOADZ,1937,
25760,E01006674,Liverpool 039C,Lower Super Output Areas and Data Zones,LSOADZ,1885,
25761,E01006675,Liverpool 043C,Lower Super Output Areas and Data Zones,LSOADZ,1824,
25762,E01006676,Liverpool 044D,Lower Super Output Areas and Data Zones,LSOADZ,1753,
25763,E01006677,Liverpool 043D,Lower Super Output Areas and Data Zones,LSOADZ,1040,
25764,E01006678,Liverpool 044E,Lower Super Output Areas and Data Zones,LSOADZ,2127,
25765,E01006679,Liverpool 039D,Lower Super Output Areas and Data Zones,LSOADZ,2232,
25766,E01006680,Liverpool 053B,Lower Super Output Areas and Data Zones,LSOADZ,1569,
25767,E01006681,Liverpool 054D,Lower Super Output Areas and Data Zones,LSOADZ,1585,
25768,E01006682,Liverpool 053C,Lower Super Output Areas and Data Zones,LSOADZ,1310,
25769,E01006683,Liverpool 053D,Lower Super Output Areas and Data Zones,LSOADZ,1510,
25770,E01006684,Liverpool 056B,Lower Super Output Areas and Data Zones,LSOADZ,2138,
25771,E01006685,Liverpool 056C,Lower Super Output Areas and Data Zones,LSOADZ,1484,
25772,E01006686,Liverpool 053E,Lower Super Output Areas and Data Zones,LSOADZ,1433,
25773,E01006687,Liverpool 056D,Lower Super Output Areas and Data Zones,LSOADZ,1952,
25774,E01006688,Liverpool 056E,Lower Super Output Areas and Data Zones,LSOADZ,1524,
25775,E01006689,Liverpool 049D,Lower Super Output Areas and Data Zones,LSOADZ,1651,
25776,E01006690,Liverpool 028A,Lower Super Output Areas and Data Zones,LSOADZ,1492,
25777,E01006691,Liverpool 030A,Lower Super Output Areas and Data Zones,LSOADZ,1503,
25778,E01006692,Liverpool 028B,Lower Super Output Areas and Data Zones,LSOADZ,2180,
25779,E01006693,Liverpool 024D,Lower Super Output Areas and Data Zones,LSOADZ,1511,
25780,E01006694,Liverpool 030B,Lower Super Output Areas and Data Zones,LSOADZ,1864,
25781,E01006695,Liverpool 028C,Lower Super Output Areas and Data Zones,LSOADZ,1821,
25782,E01006696,Liverpool 030C,Lower Super Output Areas and Data Zones,LSOADZ,1744,
25783,E01006697,Liverpool 030D,Lower Super Output Areas and Data Zones,LSOADZ,1845,
25784,E01006698,Liverpool 012D,Lower Super Output Areas and Data Zones,LSOADZ,1716,
25785,E01006699,Liverpool 014A,Lower Super Output Areas and Data Zones,LSOADZ,1594,
25786,E01006700,Liverpool 012E,Lower Super Output Areas and Data Zones,LSOADZ,1438,
25787,E01006701,Liverpool 014B,Lower Super Output Areas and Data Zones,LSOADZ,1380,
25788,E01006702,Liverpool 014C,Lower Super Output Areas and Data Zones,LSOADZ,1618,
25789,E01006703,Liverpool 014D,Lower Super Output Areas and Data Zones,LSOADZ,1561,
25790,E01006705,Liverpool 009E,Lower Super Output Areas and Data Zones,LSOADZ,1409,
25791,E01006706,Liverpool 045A,Lower Super Output Areas and Data Zones,LSOADZ,1346,
25792,E01006707,Liverpool 045B,Lower Super Output Areas and Data Zones,LSOADZ,1323,
25793,E01006708,Liverpool 045C,Lower Super Output Areas and Data Zones,LSOADZ,1805,
25794,E01006709,Liverpool 040A,Lower Super Output Areas and Data Zones,LSOADZ,1438,
25795,E01006710,Liverpool 045D,Lower Super Output Areas and Data Zones,LSOADZ,1496,
25796,E01006711,Liverpool 027A,Lower Super Output Areas and Data Zones,LSOADZ,1538,
25797,E01006712,Liverpool 029D,Lower Super Output Areas and Data Zones,LSOADZ,1339,
25798,E01006713,Liverpool 029E,Lower Super Output Areas and Data Zones,LSOADZ,1377,
25799,E01006716,Liverpool 032E,Lower Super Output Areas and Data Zones,LSOADZ,1589,
25800,E01006717,Liverpool 027D,Lower Super Output Areas and Data Zones,LSOADZ,1436,
25801,E01006718,Liverpool 027E,Lower Super Output Areas and Data Zones,LSOADZ,1587,
25802,E01006719,Liverpool 027F,Lower Super Output Areas and Data Zones,LSOADZ,1535,
25803,E01006720,Liverpool 035A,Lower Super Output Areas and Data Zones,LSOADZ,2108,
25804,E01006721,Liverpool 038C,Lower Super Output Areas and Data Zones,LSOADZ,1655,
25805,E01006722,Liverpool 038D,Lower Super Output Areas and Data Zones,LSOADZ,1793,
25806,E01006723,Liverpool 038E,Lower Super Output Areas and Data Zones,LSOADZ,1875,
25807,E01006724,Liverpool 038F,Lower Super Output Areas and Data Zones,LSOADZ,1790,
25808,E01006725,Liverpool 035B,Lower Super Output Areas and Data Zones,LSOADZ,1537,
25809,E01006726,Liverpool 035C,Lower Super Output Areas and Data Zones,LSOADZ,1565,
25810,E01006727,Liverpool 035D,Lower Super Output Areas and Data Zones,LSOADZ,1441,
25811,E01006728,Liverpool 035E,Lower Super Output Areas and Data Zones,LSOADZ,1623,
25812,E01006729,Liverpool 008C,Lower Super Output Areas and Data Zones,LSOADZ,1400,
25813,E01006730,Liverpool 011C,Lower Super Output Areas and Data Zones,LSOADZ,1326,
25814,E01006731,Liverpool 011D,Lower Super Output Areas and Data Zones,LSOADZ,1196,
25815,E01006732,Liverpool 011E,Lower Super Output Areas and Data Zones,LSOADZ,1643,
25816,E01006734,Liverpool 005C,Lower Super Output Areas and Data Zones,LSOADZ,1412,
25817,E01006735,Liverpool 005D,Lower Super Output Areas and Data Zones,LSOADZ,1309,
25818,E01006736,Liverpool 005E,Lower Super Output Areas and Data Zones,LSOADZ,1460,
25819,E01006737,Liverpool 005F,Lower Super Output Areas and Data Zones,LSOADZ,1435,
25820,E01006738,Liverpool 058A,Lower Super Output Areas and Data Zones,LSOADZ,1501,
25821,E01006739,Liverpool 058B,Lower Super Output Areas and Data Zones,LSOADZ,1769,
25822,E01006740,Liverpool 057A,Lower Super Output Areas and Data Zones,LSOADZ,1280,
25823,E01006741,Liverpool 058C,Lower Super Output Areas and Data Zones,LSOADZ,1815,
25824,E01006742,Liverpool 057B,Lower Super Output Areas and Data Zones,LSOADZ,1394,
25825,E01006743,Liverpool 058D,Lower Super Output Areas and Data Zones,LSOADZ,2175,
25826,E01006744,Liverpool 057C,Lower Super Output Areas and Data Zones,LSOADZ,1482,
25827,E01006745,Liverpool 057D,Lower Super Output Areas and Data Zones,LSOADZ,1879,
25828,E01006746,Liverpool 030E,Lower Super Output Areas and Data Zones,LSOADZ,1513,
25829,E01006747,Liverpool 031B,Lower Super Output Areas and Data Zones,LSOADZ,3552,
25830,E01006748,Liverpool 031C,Lower Super Output Areas and Data Zones,LSOADZ,1936,
25831,E01006751,Liverpool 031F,Lower Super Output Areas and Data Zones,LSOADZ,2572,
25832,E01006752,Liverpool 035F,Lower Super Output Areas and Data Zones,LSOADZ,1012,
25833,E01006753,Liverpool 059A,Lower Super Output Areas and Data Zones,LSOADZ,1557,
25834,E01006754,Liverpool 059B,Lower Super Output Areas and Data Zones,LSOADZ,1627,
25835,E01006755,Liverpool 059C,Lower Super Output Areas and Data Zones,LSOADZ,1587,
25836,E01006756,Liverpool 059D,Lower Super Output Areas and Data Zones,LSOADZ,1820,
25837,E01006757,Liverpool 059E,Lower Super Output Areas and Data Zones,LSOADZ,1491,
25838,E01006758,Liverpool 059F,Lower Super Output Areas and Data Zones,LSOADZ,1527,
25839,E01006759,Liverpool 028D,Lower Super Output Areas and Data Zones,LSOADZ,1095,
25840,E01006760,Liverpool 028E,Lower Super Output Areas and Data Zones,LSOADZ,1611,
25841,E01006761,Liverpool 020B,Lower Super Output Areas and Data Zones,LSOADZ,1644,
25842,E01006762,Liverpool 015E,Lower Super Output Areas and Data Zones,LSOADZ,1692,
25843,E01006763,Liverpool 020C,Lower Super Output Areas and Data Zones,LSOADZ,1471,
25844,E01006764,Liverpool 020D,Lower Super Output Areas and Data Zones,LSOADZ,1522,
25845,E01006765,Liverpool 020E,Lower Super Output Areas and Data Zones,LSOADZ,1468,
25846,E01006766,Liverpool 019E,Lower Super Output Areas and Data Zones,LSOADZ,1266,
25847,E01006767,Liverpool 019F,Lower Super Output Areas and Data Zones,LSOADZ,1787,
25848,E01006768,Liverpool 020F,Lower Super Output Areas and Data Zones,LSOADZ,1359,
25849,E01006769,Liverpool 040B,Lower Super Output Areas and Data Zones,LSOADZ,1270,
25850,E01006770,Liverpool 040C,Lower Super Output Areas and Data Zones,LSOADZ,1002,
25851,E01006771,Liverpool 040D,Lower Super Output Areas and Data Zones,LSOADZ,1425,
25852,E01006772,Liverpool 040E,Lower Super Output Areas and Data Zones,LSOADZ,1091,
25853,E01006773,Liverpool 036D,Lower Super Output Areas and Data Zones,LSOADZ,1379,
25854,E01006774,Liverpool 036E,Lower Super Output Areas and Data Zones,LSOADZ,1445,
25855,E01006775,Liverpool 040F,Lower Super Output Areas and Data Zones,LSOADZ,1319,
25856,E01006776,Liverpool 022B,Lower Super Output Areas and Data Zones,LSOADZ,1677,
25857,E01006778,Liverpool 014E,Lower Super Output Areas and Data Zones,LSOADZ,2205,
25858,E01006779,Liverpool 022D,Lower Super Output Areas and Data Zones,LSOADZ,1968,
25859,E01006780,Liverpool 002D,Lower Super Output Areas and Data Zones,LSOADZ,1465,
25860,E01006781,Liverpool 003A,Lower Super Output Areas and Data Zones,LSOADZ,1470,
25861,E01006782,Liverpool 003B,Lower Super Output Areas and Data Zones,LSOADZ,1560,
25862,E01006783,Liverpool 002E,Lower Super Output Areas and Data Zones,LSOADZ,1548,
25863,E01006784,Liverpool 003C,Lower Super Output Areas and Data Zones,LSOADZ,1347,
25864,E01006785,Liverpool 003D,Lower Super Output Areas and Data Zones,LSOADZ,1769,
25865,E01006786,Liverpool 003E,Lower Super Output Areas and Data Zones,LSOADZ,1820,
25866,E01006787,Liverpool 006A,Lower Super Output Areas and Data Zones,LSOADZ,2330,
25867,E01006788,Liverpool 006B,Lower Super Output Areas and Data Zones,LSOADZ,1825,
25868,E01006790,Liverpool 006C,Lower Super Output Areas and Data Zones,LSOADZ,1587,
25869,E01006791,Liverpool 006D,Lower Super Output Areas and Data Zones,LSOADZ,1674,
25870,E01006792,Liverpool 046A,Lower Super Output Areas and Data Zones,LSOADZ,1368,
25871,E01006793,Liverpool 051A,Lower Super Output Areas and Data Zones,LSOADZ,1494,
25872,E01006794,Liverpool 046B,Lower Super Output Areas and Data Zones,LSOADZ,1593,
25873,E01006795,Liverpool 051B,Lower Super Output Areas and Data Zones,LSOADZ,1407,
25874,E01006796,Liverpool 047E,Lower Super Output Areas and Data Zones,LSOADZ,1591,
25875,E01006797,Liverpool 051C,Lower Super Output Areas and Data Zones,LSOADZ,1499,
25876,E01006798,Liverpool 051D,Lower Super Output Areas and Data Zones,LSOADZ,1410,
25877,E01006799,Liverpool 051E,Lower Super Output Areas and Data Zones,LSOADZ,1821,
25878,E01006800,Liverpool 046C,Lower Super Output Areas and Data Zones,LSOADZ,1401,
25879,E01006801,Liverpool 046D,Lower Super Output Areas and Data Zones,LSOADZ,1355,
25880,E01006802,St. Helens 002A,Lower Super Output Areas and Data Zones,LSOADZ,1653,
25881,E01006803,St. Helens 003A,Lower Super Output Areas and Data Zones,LSOADZ,1446,
25882,E01006804,St. Helens 002B,Lower Super Output Areas and Data Zones,LSOADZ,1613,
25883,E01006805,St. Helens 003B,Lower Super Output Areas and Data Zones,LSOADZ,1539,
25884,E01006806,St. Helens 002C,Lower Super Output Areas and Data Zones,LSOADZ,1544,
25885,E01006807,St. Helens 002D,Lower Super Output Areas and Data Zones,LSOADZ,1369,
25886,E01006808,St. Helens 003C,Lower Super Output Areas and Data Zones,LSOADZ,1300,
25887,E01006809,St. Helens 003D,Lower Super Output Areas and Data Zones,LSOADZ,1468,
25888,E01006810,St. Helens 008A,Lower Super Output Areas and Data Zones,LSOADZ,1279,
25889,E01006811,St. Helens 008B,Lower Super Output Areas and Data Zones,LSOADZ,1361,
25890,E01006812,St. Helens 008C,Lower Super Output Areas and Data Zones,LSOADZ,1416,
25891,E01006813,St. Helens 008D,Lower Super Output Areas and Data Zones,LSOADZ,1490,
25892,E01006814,St. Helens 008E,Lower Super Output Areas and Data Zones,LSOADZ,1554,
25893,E01006815,St. Helens 008F,Lower Super Output Areas and Data Zones,LSOADZ,1299,
25894,E01006816,St. Helens 017A,Lower Super Output Areas and Data Zones,LSOADZ,1694,
25895,E01006817,St. Helens 017B,Lower Super Output Areas and Data Zones,LSOADZ,1330,
25896,E01006818,St. Helens 008G,Lower Super Output Areas and Data Zones,LSOADZ,1283,
25897,E01006819,St. Helens 011A,Lower Super Output Areas and Data Zones,LSOADZ,1507,
25898,E01006820,St. Helens 011B,Lower Super Output Areas and Data Zones,LSOADZ,1455,
25899,E01006821,St. Helens 011C,Lower Super Output Areas and Data Zones,LSOADZ,1417,
25900,E01006822,St. Helens 009A,Lower Super Output Areas and Data Zones,LSOADZ,1382,
25901,E01006823,St. Helens 009B,Lower Super Output Areas and Data Zones,LSOADZ,1264,
25902,E01006824,St. Helens 009C,Lower Super Output Areas and Data Zones,LSOADZ,1246,
25903,E01006825,St. Helens 009D,Lower Super Output Areas and Data Zones,LSOADZ,1463,
25904,E01006826,St. Helens 018A,Lower Super Output Areas and Data Zones,LSOADZ,1338,
25905,E01006827,St. Helens 018B,Lower Super Output Areas and Data Zones,LSOADZ,1594,
25906,E01006828,St. Helens 018C,Lower Super Output Areas and Data Zones,LSOADZ,2146,
25907,E01006829,St. Helens 018D,Lower Super Output Areas and Data Zones,LSOADZ,1246,
25908,E01006830,St. Helens 019A,Lower Super Output Areas and Data Zones,LSOADZ,1344,
25909,E01006831,St. Helens 016A,Lower Super Output Areas and Data Zones,LSOADZ,1464,
25910,E01006832,St. Helens 012A,Lower Super Output Areas and Data Zones,LSOADZ,1646,
25911,E01006833,St. Helens 016B,Lower Super Output Areas and Data Zones,LSOADZ,1615,
25912,E01006834,St. Helens 012B,Lower Super Output Areas and Data Zones,LSOADZ,1236,
25913,E01006835,St. Helens 016C,Lower Super Output Areas and Data Zones,LSOADZ,1409,
25914,E01006836,St. Helens 005A,Lower Super Output Areas and Data Zones,LSOADZ,1417,
25915,E01006837,St. Helens 006A,Lower Super Output Areas and Data Zones,LSOADZ,1551,
25916,E01006838,St. Helens 006B,Lower Super Output Areas and Data Zones,LSOADZ,1444,
25917,E01006839,St. Helens 005B,Lower Super Output Areas and Data Zones,LSOADZ,1341,
25918,E01006840,St. Helens 005C,Lower Super Output Areas and Data Zones,LSOADZ,1502,
25919,E01006841,St. Helens 006C,Lower Super Output Areas and Data Zones,LSOADZ,1681,
25920,E01006842,St. Helens 005D,Lower Super Output Areas and Data Zones,LSOADZ,1577,
25921,E01006843,St. Helens 006D,Lower Super Output Areas and Data Zones,LSOADZ,1195,
25922,E01006844,St. Helens 020A,Lower Super Output Areas and Data Zones,LSOADZ,1603,
25923,E01006845,St. Helens 014A,Lower Super Output Areas and Data Zones,LSOADZ,1508,
25924,E01006846,St. Helens 020B,Lower Super Output Areas and Data Zones,LSOADZ,1428,
25925,E01006847,St. Helens 020C,Lower Super Output Areas and Data Zones,LSOADZ,1725,
25926,E01006848,St. Helens 020D,Lower Super Output Areas and Data Zones,LSOADZ,1403,
25927,E01006849,St. Helens 004A,Lower Super Output Areas and Data Zones,LSOADZ,1444,
25928,E01006850,St. Helens 004B,Lower Super Output Areas and Data Zones,LSOADZ,1519,
25929,E01006851,St. Helens 004C,Lower Super Output Areas and Data Zones,LSOADZ,1274,
25930,E01006852,St. Helens 004D,Lower Super Output Areas and Data Zones,LSOADZ,1319,
25931,E01006853,St. Helens 004E,Lower Super Output Areas and Data Zones,LSOADZ,1342,
25932,E01006854,St. Helens 004F,Lower Super Output Areas and Data Zones,LSOADZ,1458,
25933,E01006855,St. Helens 004G,Lower Super Output Areas and Data Zones,LSOADZ,1459,
25934,E01006856,St. Helens 015A,Lower Super Output Areas and Data Zones,LSOADZ,1346,
25935,E01006857,St. Helens 015B,Lower Super Output Areas and Data Zones,LSOADZ,1424,
25936,E01006858,St. Helens 015C,Lower Super Output Areas and Data Zones,LSOADZ,1486,
25937,E01006859,St. Helens 015D,Lower Super Output Areas and Data Zones,LSOADZ,1644,
25938,E01006860,St. Helens 015E,Lower Super Output Areas and Data Zones,LSOADZ,1391,
25939,E01006861,St. Helens 015F,Lower Super Output Areas and Data Zones,LSOADZ,1595,
25940,E01006862,St. Helens 015G,Lower Super Output Areas and Data Zones,LSOADZ,1320,
25941,E01006863,St. Helens 013A,Lower Super Output Areas and Data Zones,LSOADZ,1631,
25942,E01006864,St. Helens 013B,Lower Super Output Areas and Data Zones,LSOADZ,1866,
25943,E01006865,St. Helens 013C,Lower Super Output Areas and Data Zones,LSOADZ,1738,
25944,E01006866,St. Helens 010A,Lower Super Output Areas and Data Zones,LSOADZ,1546,
25945,E01006867,St. Helens 010B,Lower Super Output Areas and Data Zones,LSOADZ,2075,
25946,E01006868,St. Helens 010C,Lower Super Output Areas and Data Zones,LSOADZ,1497,
25947,E01006869,St. Helens 010D,Lower Super Output Areas and Data Zones,LSOADZ,1474,
25948,E01006870,St. Helens 014B,Lower Super Output Areas and Data Zones,LSOADZ,1370,
25949,E01006871,St. Helens 011D,Lower Super Output Areas and Data Zones,LSOADZ,1547,
25950,E01006872,St. Helens 014C,Lower Super Output Areas and Data Zones,LSOADZ,1443,
25951,E01006873,St. Helens 014D,Lower Super Output Areas and Data Zones,LSOADZ,1293,
25952,E01006874,St. Helens 014E,Lower Super Output Areas and Data Zones,LSOADZ,1204,
25953,E01006875,St. Helens 017C,Lower Super Output Areas and Data Zones,LSOADZ,1292,
25954,E01006876,St. Helens 016D,Lower Super Output Areas and Data Zones,LSOADZ,1477,
25955,E01006877,St. Helens 012C,Lower Super Output Areas and Data Zones,LSOADZ,1424,
25956,E01006878,St. Helens 016E,Lower Super Output Areas and Data Zones,LSOADZ,1346,
25957,E01006879,St. Helens 016F,Lower Super Output Areas and Data Zones,LSOADZ,1512,
25958,E01006880,St. Helens 012D,Lower Super Output Areas and Data Zones,LSOADZ,1440,
25959,E01006881,St. Helens 012E,Lower Super Output Areas and Data Zones,LSOADZ,1441,
25960,E01006882,St. Helens 001A,Lower Super Output Areas and Data Zones,LSOADZ,1188,
25961,E01006883,St. Helens 001B,Lower Super Output Areas and Data Zones,LSOADZ,1305,
25962,E01006884,St. Helens 001C,Lower Super Output Areas and Data Zones,LSOADZ,1353,
25963,E01006885,St. Helens 001D,Lower Super Output Areas and Data Zones,LSOADZ,1278,
25964,E01006886,St. Helens 001E,Lower Super Output Areas and Data Zones,LSOADZ,1311,
25965,E01006887,St. Helens 001F,Lower Super Output Areas and Data Zones,LSOADZ,1344,
25966,E01006888,St. Helens 023A,Lower Super Output Areas and Data Zones,LSOADZ,1217,
25967,E01006889,St. Helens 023B,Lower Super Output Areas and Data Zones,LSOADZ,1444,
25968,E01006890,St. Helens 021A,Lower Super Output Areas and Data Zones,LSOADZ,1459,
25969,E01006891,St. Helens 023C,Lower Super Output Areas and Data Zones,LSOADZ,1391,
25970,E01006892,St. Helens 021B,Lower Super Output Areas and Data Zones,LSOADZ,1208,
25971,E01006893,St. Helens 021C,Lower Super Output Areas and Data Zones,LSOADZ,1382,
25972,E01006894,St. Helens 021D,Lower Super Output Areas and Data Zones,LSOADZ,1351,
25973,E01006895,St. Helens 023D,Lower Super Output Areas and Data Zones,LSOADZ,1401,
25974,E01006896,St. Helens 020E,Lower Super Output Areas and Data Zones,LSOADZ,1523,
25975,E01006897,St. Helens 020F,Lower Super Output Areas and Data Zones,LSOADZ,1469,
25976,E01006898,St. Helens 022A,Lower Super Output Areas and Data Zones,LSOADZ,1618,
25977,E01006899,St. Helens 017D,Lower Super Output Areas and Data Zones,LSOADZ,2046,
25978,E01006900,St. Helens 022B,Lower Super Output Areas and Data Zones,LSOADZ,2712,
25979,E01006901,St. Helens 020G,Lower Super Output Areas and Data Zones,LSOADZ,1309,
25980,E01006903,St. Helens 019C,Lower Super Output Areas and Data Zones,LSOADZ,1521,
25981,E01006904,St. Helens 016G,Lower Super Output Areas and Data Zones,LSOADZ,1686,
25982,E01006905,St. Helens 019D,Lower Super Output Areas and Data Zones,LSOADZ,1338,
25983,E01006906,St. Helens 019E,Lower Super Output Areas and Data Zones,LSOADZ,1481,
25984,E01006907,St. Helens 019F,Lower Super Output Areas and Data Zones,LSOADZ,1570,
25985,E01006908,St. Helens 022C,Lower Super Output Areas and Data Zones,LSOADZ,1339,
25986,E01006909,St. Helens 022D,Lower Super Output Areas and Data Zones,LSOADZ,1325,
25987,E01006910,St. Helens 022E,Lower Super Output Areas and Data Zones,LSOADZ,1711,
25988,E01006911,St. Helens 022F,Lower Super Output Areas and Data Zones,LSOADZ,1508,
25989,E01006912,St. Helens 019G,Lower Super Output Areas and Data Zones,LSOADZ,1508,
25990,E01006913,St. Helens 019H,Lower Super Output Areas and Data Zones,LSOADZ,1317,
25991,E01006914,St. Helens 007A,Lower Super Output Areas and Data Zones,LSOADZ,1224,
25992,E01006915,St. Helens 007B,Lower Super Output Areas and Data Zones,LSOADZ,1576,
25993,E01006916,St. Helens 007C,Lower Super Output Areas and Data Zones,LSOADZ,1558,
25994,E01006917,St. Helens 007D,Lower Super Output Areas and Data Zones,LSOADZ,1666,
25995,E01006918,St. Helens 007E,Lower Super Output Areas and Data Zones,LSOADZ,1254,
25996,E01006919,St. Helens 007F,Lower Super Output Areas and Data Zones,LSOADZ,1545,
25997,E01006920,Sefton 011A,Lower Super Output Areas and Data Zones,LSOADZ,1624,
25998,E01006921,Sefton 012A,Lower Super Output Areas and Data Zones,LSOADZ,1305,
25999,E01006922,Sefton 012B,Lower Super Output Areas and Data Zones,LSOADZ,1419,
26000,E01006923,Sefton 012C,Lower Super Output Areas and Data Zones,LSOADZ,1472,
26001,E01006924,Sefton 011B,Lower Super Output Areas and Data Zones,LSOADZ,1458,
26002,E01006925,Sefton 011C,Lower Super Output Areas and Data Zones,LSOADZ,1532,
26003,E01006926,Sefton 012D,Lower Super Output Areas and Data Zones,LSOADZ,1615,
26004,E01006927,Sefton 011D,Lower Super Output Areas and Data Zones,LSOADZ,1677,
26005,E01006928,Sefton 009A,Lower Super Output Areas and Data Zones,LSOADZ,1466,
26006,E01006929,Sefton 010A,Lower Super Output Areas and Data Zones,LSOADZ,1552,
26007,E01006930,Sefton 010B,Lower Super Output Areas and Data Zones,LSOADZ,1460,
26008,E01006931,Sefton 010C,Lower Super Output Areas and Data Zones,LSOADZ,1533,
26009,E01006932,Sefton 010D,Lower Super Output Areas and Data Zones,LSOADZ,1505,
26010,E01006933,Sefton 010E,Lower Super Output Areas and Data Zones,LSOADZ,1450,
26011,E01006934,Sefton 007A,Lower Super Output Areas and Data Zones,LSOADZ,1529,
26012,E01006935,Sefton 009B,Lower Super Output Areas and Data Zones,LSOADZ,1694,
26013,E01006936,Sefton 022A,Lower Super Output Areas and Data Zones,LSOADZ,1502,
26014,E01006937,Sefton 022B,Lower Super Output Areas and Data Zones,LSOADZ,1306,
26015,E01006938,Sefton 022C,Lower Super Output Areas and Data Zones,LSOADZ,1237,
26016,E01006939,Sefton 022D,Lower Super Output Areas and Data Zones,LSOADZ,1479,
26017,E01006940,Sefton 022E,Lower Super Output Areas and Data Zones,LSOADZ,1434,
26018,E01006941,Sefton 028A,Lower Super Output Areas and Data Zones,LSOADZ,1632,
26019,E01006942,Sefton 028B,Lower Super Output Areas and Data Zones,LSOADZ,1461,
26020,E01006943,Sefton 022F,Lower Super Output Areas and Data Zones,LSOADZ,1229,
26021,E01006944,Sefton 003A,Lower Super Output Areas and Data Zones,LSOADZ,1672,
26022,E01006945,Sefton 004A,Lower Super Output Areas and Data Zones,LSOADZ,1605,
26023,E01006946,Sefton 001A,Lower Super Output Areas and Data Zones,LSOADZ,1397,
26024,E01006947,Sefton 002A,Lower Super Output Areas and Data Zones,LSOADZ,1427,
26025,E01006948,Sefton 003B,Lower Super Output Areas and Data Zones,LSOADZ,1315,
26026,E01006949,Sefton 003C,Lower Super Output Areas and Data Zones,LSOADZ,1456,
26027,E01006950,Sefton 004B,Lower Super Output Areas and Data Zones,LSOADZ,1516,
26028,E01006951,Sefton 003D,Lower Super Output Areas and Data Zones,LSOADZ,1489,
26029,E01006952,Sefton 032A,Lower Super Output Areas and Data Zones,LSOADZ,1370,
26030,E01006953,Sefton 032B,Lower Super Output Areas and Data Zones,LSOADZ,1438,
26031,E01006954,Sefton 028C,Lower Super Output Areas and Data Zones,LSOADZ,1501,
26032,E01006955,Sefton 030A,Lower Super Output Areas and Data Zones,LSOADZ,1650,
26033,E01006956,Sefton 030B,Lower Super Output Areas and Data Zones,LSOADZ,1568,
26034,E01006957,Sefton 032C,Lower Super Output Areas and Data Zones,LSOADZ,1529,
26035,E01006958,Sefton 030C,Lower Super Output Areas and Data Zones,LSOADZ,1460,
26036,E01006959,Sefton 032D,Lower Super Output Areas and Data Zones,LSOADZ,1552,
26037,E01006960,Sefton 038A,Lower Super Output Areas and Data Zones,LSOADZ,1161,
26038,E01006961,Sefton 038B,Lower Super Output Areas and Data Zones,LSOADZ,1562,
26039,E01006962,Sefton 038C,Lower Super Output Areas and Data Zones,LSOADZ,1406,
26040,E01006963,Sefton 038D,Lower Super Output Areas and Data Zones,LSOADZ,1496,
26041,E01006964,Sefton 036A,Lower Super Output Areas and Data Zones,LSOADZ,1469,
26042,E01006965,Sefton 038E,Lower Super Output Areas and Data Zones,LSOADZ,1478,
26043,E01006966,Sefton 038F,Lower Super Output Areas and Data Zones,LSOADZ,1487,
26044,E01006967,Sefton 037A,Lower Super Output Areas and Data Zones,LSOADZ,1511,
26045,E01006968,Sefton 004C,Lower Super Output Areas and Data Zones,LSOADZ,1772,
26046,E01006969,Sefton 004D,Lower Super Output Areas and Data Zones,LSOADZ,1467,
26047,E01006970,Sefton 007B,Lower Super Output Areas and Data Zones,LSOADZ,1630,
26048,E01006971,Sefton 009C,Lower Super Output Areas and Data Zones,LSOADZ,1597,
26049,E01006972,Sefton 009D,Lower Super Output Areas and Data Zones,LSOADZ,1625,
26050,E01006973,Sefton 009E,Lower Super Output Areas and Data Zones,LSOADZ,1616,
26051,E01006974,Sefton 009F,Lower Super Output Areas and Data Zones,LSOADZ,1588,
26052,E01006976,Sefton 033A,Lower Super Output Areas and Data Zones,LSOADZ,1454,
26053,E01006977,Sefton 032E,Lower Super Output Areas and Data Zones,LSOADZ,1639,
26054,E01006978,Sefton 031A,Lower Super Output Areas and Data Zones,LSOADZ,1397,
26055,E01006979,Sefton 024A,Lower Super Output Areas and Data Zones,LSOADZ,1453,
26056,E01006980,Sefton 024B,Lower Super Output Areas and Data Zones,LSOADZ,1473,
26057,E01006981,Sefton 031B,Lower Super Output Areas and Data Zones,LSOADZ,1486,
26058,E01006982,Sefton 031C,Lower Super Output Areas and Data Zones,LSOADZ,1382,
26059,E01006983,Sefton 031D,Lower Super Output Areas and Data Zones,LSOADZ,1651,
26060,E01006984,Sefton 031E,Lower Super Output Areas and Data Zones,LSOADZ,1351,
26061,E01006985,Sefton 013A,Lower Super Output Areas and Data Zones,LSOADZ,1457,
26062,E01006986,Sefton 013B,Lower Super Output Areas and Data Zones,LSOADZ,1281,
26063,E01006987,Sefton 013C,Lower Super Output Areas and Data Zones,LSOADZ,1253,
26064,E01006988,Sefton 014A,Lower Super Output Areas and Data Zones,LSOADZ,1372,
26065,E01006989,Sefton 013D,Lower Super Output Areas and Data Zones,LSOADZ,1337,
26066,E01006990,Sefton 013E,Lower Super Output Areas and Data Zones,LSOADZ,1236,
26067,E01006991,Sefton 015A,Lower Super Output Areas and Data Zones,LSOADZ,1496,
26068,E01006992,Sefton 015B,Lower Super Output Areas and Data Zones,LSOADZ,1125,
26069,E01006993,Sefton 015C,Lower Super Output Areas and Data Zones,LSOADZ,1498,
26070,E01006994,Sefton 007C,Lower Super Output Areas and Data Zones,LSOADZ,1620,
26071,E01006995,Sefton 008A,Lower Super Output Areas and Data Zones,LSOADZ,1334,
26072,E01006996,Sefton 007D,Lower Super Output Areas and Data Zones,LSOADZ,1615,
26073,E01006997,Sefton 008B,Lower Super Output Areas and Data Zones,LSOADZ,1511,
26074,E01006998,Sefton 007E,Lower Super Output Areas and Data Zones,LSOADZ,1664,
26075,E01006999,Sefton 008C,Lower Super Output Areas and Data Zones,LSOADZ,1621,
26076,E01007000,Sefton 008D,Lower Super Output Areas and Data Zones,LSOADZ,1290,
26077,E01007001,Sefton 008E,Lower Super Output Areas and Data Zones,LSOADZ,1618,
26078,E01007002,Sefton 008F,Lower Super Output Areas and Data Zones,LSOADZ,1330,
26079,E01007003,Sefton 036B,Lower Super Output Areas and Data Zones,LSOADZ,1222,
26080,E01007004,Sefton 034A,Lower Super Output Areas and Data Zones,LSOADZ,1415,
26081,E01007005,Sefton 034B,Lower Super Output Areas and Data Zones,LSOADZ,1317,
26082,E01007006,Sefton 036C,Lower Super Output Areas and Data Zones,LSOADZ,1427,
26083,E01007007,Sefton 037B,Lower Super Output Areas and Data Zones,LSOADZ,1232,
26084,E01007008,Sefton 037C,Lower Super Output Areas and Data Zones,LSOADZ,1261,
26085,E01007009,Sefton 037D,Lower Super Output Areas and Data Zones,LSOADZ,1300,
26086,E01007010,Sefton 037E,Lower Super Output Areas and Data Zones,LSOADZ,1091,
26087,E01007011,Sefton 034C,Lower Super Output Areas and Data Zones,LSOADZ,1454,
26088,E01007012,Sefton 036D,Lower Super Output Areas and Data Zones,LSOADZ,1318,
26089,E01007013,Sefton 036E,Lower Super Output Areas and Data Zones,LSOADZ,1431,
26090,E01007014,Sefton 033B,Lower Super Output Areas and Data Zones,LSOADZ,1588,
26091,E01007016,Sefton 034D,Lower Super Output Areas and Data Zones,LSOADZ,1802,
26092,E01007017,Sefton 034E,Lower Super Output Areas and Data Zones,LSOADZ,1541,
26093,E01007019,Sefton 035A,Lower Super Output Areas and Data Zones,LSOADZ,1376,
26094,E01007020,Sefton 021A,Lower Super Output Areas and Data Zones,LSOADZ,1419,
26095,E01007021,Sefton 025A,Lower Super Output Areas and Data Zones,LSOADZ,1304,
26096,E01007022,Sefton 021B,Lower Super Output Areas and Data Zones,LSOADZ,1420,
26097,E01007023,Sefton 021C,Lower Super Output Areas and Data Zones,LSOADZ,1345,
26098,E01007024,Sefton 024C,Lower Super Output Areas and Data Zones,LSOADZ,1174,
26099,E01007025,Sefton 025B,Lower Super Output Areas and Data Zones,LSOADZ,1339,
26100,E01007026,Sefton 024D,Lower Super Output Areas and Data Zones,LSOADZ,1145,
26101,E01007027,Sefton 021D,Lower Super Output Areas and Data Zones,LSOADZ,2063,
26102,E01007028,Sefton 001B,Lower Super Output Areas and Data Zones,LSOADZ,1355,
26103,E01007029,Sefton 001C,Lower Super Output Areas and Data Zones,LSOADZ,1248,
26104,E01007030,Sefton 001D,Lower Super Output Areas and Data Zones,LSOADZ,1539,
26105,E01007031,Sefton 002B,Lower Super Output Areas and Data Zones,LSOADZ,1446,
26106,E01007032,Sefton 002C,Lower Super Output Areas and Data Zones,LSOADZ,1324,
26107,E01007033,Sefton 002D,Lower Super Output Areas and Data Zones,LSOADZ,1491,
26108,E01007034,Sefton 003E,Lower Super Output Areas and Data Zones,LSOADZ,1356,
26109,E01007035,Sefton 002E,Lower Super Output Areas and Data Zones,LSOADZ,1454,
26110,E01007036,Sefton 001E,Lower Super Output Areas and Data Zones,LSOADZ,1212,
26111,E01007037,Sefton 021E,Lower Super Output Areas and Data Zones,LSOADZ,1506,
26112,E01007038,Sefton 021F,Lower Super Output Areas and Data Zones,LSOADZ,1488,
26113,E01007039,Sefton 026A,Lower Super Output Areas and Data Zones,LSOADZ,1268,
26114,E01007040,Sefton 026B,Lower Super Output Areas and Data Zones,LSOADZ,2225,
26115,E01007041,Sefton 027A,Lower Super Output Areas and Data Zones,LSOADZ,1403,
26116,E01007042,Sefton 026C,Lower Super Output Areas and Data Zones,LSOADZ,1275,
26117,E01007043,Sefton 027B,Lower Super Output Areas and Data Zones,LSOADZ,1408,
26118,E01007044,Sefton 026D,Lower Super Output Areas and Data Zones,LSOADZ,1367,
26119,E01007045,Sefton 026E,Lower Super Output Areas and Data Zones,LSOADZ,1236,
26120,E01007046,Sefton 027C,Lower Super Output Areas and Data Zones,LSOADZ,1593,
26121,E01007047,Sefton 033E,Lower Super Output Areas and Data Zones,LSOADZ,1439,
26122,E01007048,Sefton 029A,Lower Super Output Areas and Data Zones,LSOADZ,1620,
26123,E01007049,Sefton 035B,Lower Super Output Areas and Data Zones,LSOADZ,1526,
26124,E01007050,Sefton 035C,Lower Super Output Areas and Data Zones,LSOADZ,1349,
26125,E01007051,Sefton 035D,Lower Super Output Areas and Data Zones,LSOADZ,1213,
26126,E01007052,Sefton 035E,Lower Super Output Areas and Data Zones,LSOADZ,1386,
26127,E01007053,Sefton 027D,Lower Super Output Areas and Data Zones,LSOADZ,1408,
26128,E01007054,Sefton 029B,Lower Super Output Areas and Data Zones,LSOADZ,1396,
26129,E01007055,Sefton 005A,Lower Super Output Areas and Data Zones,LSOADZ,1484,
26130,E01007056,Sefton 005B,Lower Super Output Areas and Data Zones,LSOADZ,1616,
26131,E01007057,Sefton 005C,Lower Super Output Areas and Data Zones,LSOADZ,1528,
26132,E01007058,Sefton 006A,Lower Super Output Areas and Data Zones,LSOADZ,1437,
26133,E01007059,Sefton 006B,Lower Super Output Areas and Data Zones,LSOADZ,1516,
26134,E01007060,Sefton 006C,Lower Super Output Areas and Data Zones,LSOADZ,1475,
26135,E01007061,Sefton 006D,Lower Super Output Areas and Data Zones,LSOADZ,1494,
26136,E01007062,Sefton 005D,Lower Super Output Areas and Data Zones,LSOADZ,1434,
26137,E01007063,Sefton 005E,Lower Super Output Areas and Data Zones,LSOADZ,1580,
26138,E01007064,Sefton 006E,Lower Super Output Areas and Data Zones,LSOADZ,1288,
26139,E01007065,Sefton 020A,Lower Super Output Areas and Data Zones,LSOADZ,1338,
26140,E01007066,Sefton 020B,Lower Super Output Areas and Data Zones,LSOADZ,1560,
26141,E01007067,Sefton 017A,Lower Super Output Areas and Data Zones,LSOADZ,1393,
26142,E01007068,Sefton 017B,Lower Super Output Areas and Data Zones,LSOADZ,1272,
26143,E01007069,Sefton 017C,Lower Super Output Areas and Data Zones,LSOADZ,1445,
26144,E01007070,Sefton 017D,Lower Super Output Areas and Data Zones,LSOADZ,1471,
26145,E01007071,Sefton 020C,Lower Super Output Areas and Data Zones,LSOADZ,1256,
26146,E01007072,Sefton 020D,Lower Super Output Areas and Data Zones,LSOADZ,1440,
26147,E01007073,Sefton 020E,Lower Super Output Areas and Data Zones,LSOADZ,1336,
26148,E01007074,Sefton 019A,Lower Super Output Areas and Data Zones,LSOADZ,1506,
26149,E01007075,Sefton 016A,Lower Super Output Areas and Data Zones,LSOADZ,1370,
26150,E01007076,Sefton 016B,Lower Super Output Areas and Data Zones,LSOADZ,1414,
26151,E01007077,Sefton 016C,Lower Super Output Areas and Data Zones,LSOADZ,1512,
26152,E01007078,Sefton 015D,Lower Super Output Areas and Data Zones,LSOADZ,1545,
26153,E01007079,Sefton 014B,Lower Super Output Areas and Data Zones,LSOADZ,1586,
26154,E01007080,Sefton 014C,Lower Super Output Areas and Data Zones,LSOADZ,1438,
26155,E01007081,Sefton 014D,Lower Super Output Areas and Data Zones,LSOADZ,1491,
26156,E01007082,Sefton 016D,Lower Super Output Areas and Data Zones,LSOADZ,1434,
26157,E01007083,Sefton 023A,Lower Super Output Areas and Data Zones,LSOADZ,1187,
26158,E01007084,Sefton 027E,Lower Super Output Areas and Data Zones,LSOADZ,1385,
26159,E01007085,Sefton 023B,Lower Super Output Areas and Data Zones,LSOADZ,1353,
26160,E01007086,Sefton 023C,Lower Super Output Areas and Data Zones,LSOADZ,1274,
26161,E01007087,Sefton 029C,Lower Super Output Areas and Data Zones,LSOADZ,1319,
26162,E01007088,Sefton 029D,Lower Super Output Areas and Data Zones,LSOADZ,1293,
26163,E01007089,Sefton 024E,Lower Super Output Areas and Data Zones,LSOADZ,1378,
26164,E01007090,Sefton 029E,Lower Super Output Areas and Data Zones,LSOADZ,1143,
26165,E01007091,Sefton 023D,Lower Super Output Areas and Data Zones,LSOADZ,1285,
26166,E01007092,Sefton 023E,Lower Super Output Areas and Data Zones,LSOADZ,1106,
26167,E01007095,Sefton 018C,Lower Super Output Areas and Data Zones,LSOADZ,1583,
26168,E01007096,Sefton 018D,Lower Super Output Areas and Data Zones,LSOADZ,1332,
26169,E01007097,Sefton 019B,Lower Super Output Areas and Data Zones,LSOADZ,1529,
26170,E01007098,Sefton 019C,Lower Super Output Areas and Data Zones,LSOADZ,1418,
26171,E01007099,Sefton 019D,Lower Super Output Areas and Data Zones,LSOADZ,1511,
26172,E01007100,Sefton 018E,Lower Super Output Areas and Data Zones,LSOADZ,1391,
26173,E01007101,Sefton 017E,Lower Super Output Areas and Data Zones,LSOADZ,1440,
26174,E01007102,Sefton 030D,Lower Super Output Areas and Data Zones,LSOADZ,1513,
26175,E01007103,Sefton 030E,Lower Super Output Areas and Data Zones,LSOADZ,1477,
26176,E01007104,Sefton 028D,Lower Super Output Areas and Data Zones,LSOADZ,1396,
26177,E01007105,Sefton 025C,Lower Super Output Areas and Data Zones,LSOADZ,1628,
26178,E01007106,Sefton 025D,Lower Super Output Areas and Data Zones,LSOADZ,1477,
26179,E01007107,Sefton 025E,Lower Super Output Areas and Data Zones,LSOADZ,1357,
26180,E01007108,Sefton 025F,Lower Super Output Areas and Data Zones,LSOADZ,1571,
26181,E01007109,Sefton 028E,Lower Super Output Areas and Data Zones,LSOADZ,1531,
26182,E01007110,Wirral 035A,Lower Super Output Areas and Data Zones,LSOADZ,1601,
26183,E01007111,Wirral 032A,Lower Super Output Areas and Data Zones,LSOADZ,1575,
26184,E01007112,Wirral 032B,Lower Super Output Areas and Data Zones,LSOADZ,1535,
26185,E01007113,Wirral 032C,Lower Super Output Areas and Data Zones,LSOADZ,1376,
26186,E01007114,Wirral 032D,Lower Super Output Areas and Data Zones,LSOADZ,1530,
26187,E01007115,Wirral 031A,Lower Super Output Areas and Data Zones,LSOADZ,1594,
26188,E01007116,Wirral 032E,Lower Super Output Areas and Data Zones,LSOADZ,1552,
26189,E01007117,Wirral 035B,Lower Super Output Areas and Data Zones,LSOADZ,1697,
26190,E01007118,Wirral 035C,Lower Super Output Areas and Data Zones,LSOADZ,1558,
26191,E01007119,Wirral 019A,Lower Super Output Areas and Data Zones,LSOADZ,1427,
26192,E01007120,Wirral 011A,Lower Super Output Areas and Data Zones,LSOADZ,1394,
26193,E01007121,Wirral 011B,Lower Super Output Areas and Data Zones,LSOADZ,1475,
26194,E01007122,Wirral 011C,Lower Super Output Areas and Data Zones,LSOADZ,1381,
26195,E01007123,Wirral 011D,Lower Super Output Areas and Data Zones,LSOADZ,1748,
26196,E01007124,Wirral 011E,Lower Super Output Areas and Data Zones,LSOADZ,1512,
26197,E01007125,Wirral 015A,Lower Super Output Areas and Data Zones,LSOADZ,1683,
26198,E01007126,Wirral 016A,Lower Super Output Areas and Data Zones,LSOADZ,1858,
26199,E01007127,Wirral 016B,Lower Super Output Areas and Data Zones,LSOADZ,1565,
26200,E01007128,Wirral 016C,Lower Super Output Areas and Data Zones,LSOADZ,1651,
26201,E01007129,Wirral 016D,Lower Super Output Areas and Data Zones,LSOADZ,1563,
26202,E01007130,Wirral 021A,Lower Super Output Areas and Data Zones,LSOADZ,1774,
26203,E01007131,Wirral 021B,Lower Super Output Areas and Data Zones,LSOADZ,1595,
26204,E01007133,Wirral 016E,Lower Super Output Areas and Data Zones,LSOADZ,1086,
26205,E01007135,Wirral 039A,Lower Super Output Areas and Data Zones,LSOADZ,1572,
26206,E01007136,Wirral 039B,Lower Super Output Areas and Data Zones,LSOADZ,1681,
26207,E01007137,Wirral 039C,Lower Super Output Areas and Data Zones,LSOADZ,1643,
26208,E01007138,Wirral 031B,Lower Super Output Areas and Data Zones,LSOADZ,1633,
26209,E01007139,Wirral 031C,Lower Super Output Areas and Data Zones,LSOADZ,1552,
26210,E01007140,Wirral 036A,Lower Super Output Areas and Data Zones,LSOADZ,1692,
26211,E01007141,Wirral 031D,Lower Super Output Areas and Data Zones,LSOADZ,1593,
26212,E01007142,Wirral 036B,Lower Super Output Areas and Data Zones,LSOADZ,1812,
26213,E01007143,Wirral 036C,Lower Super Output Areas and Data Zones,LSOADZ,1672,
26214,E01007144,Wirral 038A,Lower Super Output Areas and Data Zones,LSOADZ,1383,
26215,E01007145,Wirral 038B,Lower Super Output Areas and Data Zones,LSOADZ,1318,
26216,E01007146,Wirral 038C,Lower Super Output Areas and Data Zones,LSOADZ,1566,
26217,E01007147,Wirral 038D,Lower Super Output Areas and Data Zones,LSOADZ,1402,
26218,E01007148,Wirral 038E,Lower Super Output Areas and Data Zones,LSOADZ,1660,
26219,E01007149,Wirral 041A,Lower Super Output Areas and Data Zones,LSOADZ,1489,
26220,E01007150,Wirral 041B,Lower Super Output Areas and Data Zones,LSOADZ,1480,
26221,E01007151,Wirral 035D,Lower Super Output Areas and Data Zones,LSOADZ,1570,
26222,E01007152,Wirral 036D,Lower Super Output Areas and Data Zones,LSOADZ,1653,
26223,E01007153,Wirral 036E,Lower Super Output Areas and Data Zones,LSOADZ,1513,
26224,E01007154,Wirral 035E,Lower Super Output Areas and Data Zones,LSOADZ,1545,
26225,E01007155,Wirral 020A,Lower Super Output Areas and Data Zones,LSOADZ,1830,
26226,E01007156,Wirral 015B,Lower Super Output Areas and Data Zones,LSOADZ,1525,
26227,E01007157,Wirral 015C,Lower Super Output Areas and Data Zones,LSOADZ,1538,
26228,E01007158,Wirral 015D,Lower Super Output Areas and Data Zones,LSOADZ,1517,
26229,E01007159,Wirral 015E,Lower Super Output Areas and Data Zones,LSOADZ,1846,
26230,E01007160,Wirral 020B,Lower Super Output Areas and Data Zones,LSOADZ,1704,
26231,E01007161,Wirral 019B,Lower Super Output Areas and Data Zones,LSOADZ,1538,
26232,E01007162,Wirral 019C,Lower Super Output Areas and Data Zones,LSOADZ,1503,
26233,E01007163,Wirral 024A,Lower Super Output Areas and Data Zones,LSOADZ,2347,
26234,E01007164,Wirral 042A,Lower Super Output Areas and Data Zones,LSOADZ,1730,
26235,E01007165,Wirral 041C,Lower Super Output Areas and Data Zones,LSOADZ,1338,
26236,E01007166,Wirral 042B,Lower Super Output Areas and Data Zones,LSOADZ,1446,
26237,E01007167,Wirral 042C,Lower Super Output Areas and Data Zones,LSOADZ,1492,
26238,E01007168,Wirral 042D,Lower Super Output Areas and Data Zones,LSOADZ,1640,
26239,E01007169,Wirral 042E,Lower Super Output Areas and Data Zones,LSOADZ,1715,
26240,E01007170,Wirral 039D,Lower Super Output Areas and Data Zones,LSOADZ,1532,
26241,E01007171,Wirral 041D,Lower Super Output Areas and Data Zones,LSOADZ,1551,
26242,E01007172,Wirral 041E,Lower Super Output Areas and Data Zones,LSOADZ,1438,
26243,E01007173,Wirral 029A,Lower Super Output Areas and Data Zones,LSOADZ,1552,
26244,E01007174,Wirral 029B,Lower Super Output Areas and Data Zones,LSOADZ,1562,
26245,E01007175,Wirral 027A,Lower Super Output Areas and Data Zones,LSOADZ,1846,
26246,E01007176,Wirral 029C,Lower Super Output Areas and Data Zones,LSOADZ,1612,
26247,E01007177,Wirral 029D,Lower Super Output Areas and Data Zones,LSOADZ,1507,
26248,E01007178,Wirral 029E,Lower Super Output Areas and Data Zones,LSOADZ,1556,
26249,E01007179,Wirral 021C,Lower Super Output Areas and Data Zones,LSOADZ,1292,
26250,E01007180,Wirral 022A,Lower Super Output Areas and Data Zones,LSOADZ,1552,
26251,E01007181,Wirral 022B,Lower Super Output Areas and Data Zones,LSOADZ,1493,
26252,E01007182,Wirral 037A,Lower Super Output Areas and Data Zones,LSOADZ,1522,
26253,E01007183,Wirral 034A,Lower Super Output Areas and Data Zones,LSOADZ,1285,
26254,E01007184,Wirral 037B,Lower Super Output Areas and Data Zones,LSOADZ,1509,
26255,E01007185,Wirral 037C,Lower Super Output Areas and Data Zones,LSOADZ,1594,
26256,E01007186,Wirral 040A,Lower Super Output Areas and Data Zones,LSOADZ,1590,
26257,E01007187,Wirral 040B,Lower Super Output Areas and Data Zones,LSOADZ,1464,
26258,E01007188,Wirral 040C,Lower Super Output Areas and Data Zones,LSOADZ,1491,
26259,E01007189,Wirral 040D,Lower Super Output Areas and Data Zones,LSOADZ,1614,
26260,E01007190,Wirral 040E,Lower Super Output Areas and Data Zones,LSOADZ,1485,
26261,E01007191,Wirral 040F,Lower Super Output Areas and Data Zones,LSOADZ,1336,
26262,E01007192,Wirral 037D,Lower Super Output Areas and Data Zones,LSOADZ,1306,
26263,E01007193,Wirral 014A,Lower Super Output Areas and Data Zones,LSOADZ,1668,
26264,E01007194,Wirral 014B,Lower Super Output Areas and Data Zones,LSOADZ,1495,
26265,E01007195,Wirral 013A,Lower Super Output Areas and Data Zones,LSOADZ,1624,
26266,E01007196,Wirral 026A,Lower Super Output Areas and Data Zones,LSOADZ,1617,
26267,E01007197,Wirral 026B,Lower Super Output Areas and Data Zones,LSOADZ,1693,
26268,E01007198,Wirral 026C,Lower Super Output Areas and Data Zones,LSOADZ,1703,
26269,E01007199,Wirral 013B,Lower Super Output Areas and Data Zones,LSOADZ,1547,
26270,E01007200,Wirral 014C,Lower Super Output Areas and Data Zones,LSOADZ,1732,
26271,E01007201,Wirral 014D,Lower Super Output Areas and Data Zones,LSOADZ,1460,
26272,E01007202,Wirral 014E,Lower Super Output Areas and Data Zones,LSOADZ,1383,
26273,E01007203,Wirral 006A,Lower Super Output Areas and Data Zones,LSOADZ,2022,
26274,E01007204,Wirral 009A,Lower Super Output Areas and Data Zones,LSOADZ,1656,
26275,E01007205,Wirral 006B,Lower Super Output Areas and Data Zones,LSOADZ,1541,
26276,E01007206,Wirral 009B,Lower Super Output Areas and Data Zones,LSOADZ,1868,
26277,E01007207,Wirral 009C,Lower Super Output Areas and Data Zones,LSOADZ,1351,
26278,E01007208,Wirral 012A,Lower Super Output Areas and Data Zones,LSOADZ,1727,
26279,E01007209,Wirral 009D,Lower Super Output Areas and Data Zones,LSOADZ,1293,
26280,E01007210,Wirral 006C,Lower Super Output Areas and Data Zones,LSOADZ,1955,
26281,E01007211,Wirral 004A,Lower Super Output Areas and Data Zones,LSOADZ,1183,
26282,E01007212,Wirral 007A,Lower Super Output Areas and Data Zones,LSOADZ,1468,
26283,E01007213,Wirral 007B,Lower Super Output Areas and Data Zones,LSOADZ,1553,
26284,E01007214,Wirral 007C,Lower Super Output Areas and Data Zones,LSOADZ,1507,
26285,E01007215,Wirral 005A,Lower Super Output Areas and Data Zones,LSOADZ,1596,
26286,E01007216,Wirral 005B,Lower Super Output Areas and Data Zones,LSOADZ,1550,
26287,E01007217,Wirral 007D,Lower Super Output Areas and Data Zones,LSOADZ,1582,
26288,E01007218,Wirral 002A,Lower Super Output Areas and Data Zones,LSOADZ,1492,
26289,E01007219,Wirral 005C,Lower Super Output Areas and Data Zones,LSOADZ,1558,
26290,E01007220,Wirral 005D,Lower Super Output Areas and Data Zones,LSOADZ,1259,
26291,E01007221,Wirral 012B,Lower Super Output Areas and Data Zones,LSOADZ,1472,
26292,E01007222,Wirral 013C,Lower Super Output Areas and Data Zones,LSOADZ,1608,
26293,E01007223,Wirral 013D,Lower Super Output Areas and Data Zones,LSOADZ,1394,
26294,E01007224,Wirral 017A,Lower Super Output Areas and Data Zones,LSOADZ,1476,
26295,E01007225,Wirral 012C,Lower Super Output Areas and Data Zones,LSOADZ,1804,
26296,E01007226,Wirral 017B,Lower Super Output Areas and Data Zones,LSOADZ,1599,
26297,E01007227,Wirral 012D,Lower Super Output Areas and Data Zones,LSOADZ,1507,
26298,E01007228,Wirral 012E,Lower Super Output Areas and Data Zones,LSOADZ,1399,
26299,E01007229,Wirral 001A,Lower Super Output Areas and Data Zones,LSOADZ,1665,
26300,E01007230,Wirral 001B,Lower Super Output Areas and Data Zones,LSOADZ,1239,
26301,E01007231,Wirral 001C,Lower Super Output Areas and Data Zones,LSOADZ,1578,
26302,E01007232,Wirral 002B,Lower Super Output Areas and Data Zones,LSOADZ,1522,
26303,E01007233,Wirral 002C,Lower Super Output Areas and Data Zones,LSOADZ,1848,
26304,E01007234,Wirral 002D,Lower Super Output Areas and Data Zones,LSOADZ,1577,
26305,E01007235,Wirral 004B,Lower Super Output Areas and Data Zones,LSOADZ,1525,
26306,E01007236,Wirral 002E,Lower Super Output Areas and Data Zones,LSOADZ,1402,
26307,E01007237,Wirral 001D,Lower Super Output Areas and Data Zones,LSOADZ,1516,
26308,E01007238,Wirral 001E,Lower Super Output Areas and Data Zones,LSOADZ,1549,
26309,E01007239,Wirral 022C,Lower Super Output Areas and Data Zones,LSOADZ,1754,
26310,E01007240,Wirral 020C,Lower Super Output Areas and Data Zones,LSOADZ,1580,
26311,E01007241,Wirral 020D,Lower Super Output Areas and Data Zones,LSOADZ,1472,
26312,E01007242,Wirral 020E,Lower Super Output Areas and Data Zones,LSOADZ,1662,
26313,E01007243,Wirral 022D,Lower Super Output Areas and Data Zones,LSOADZ,1604,
26314,E01007244,Wirral 022E,Lower Super Output Areas and Data Zones,LSOADZ,2077,
26315,E01007245,Wirral 024B,Lower Super Output Areas and Data Zones,LSOADZ,1539,
26316,E01007246,Wirral 024C,Lower Super Output Areas and Data Zones,LSOADZ,1553,
26317,E01007247,Wirral 024D,Lower Super Output Areas and Data Zones,LSOADZ,1756,
26318,E01007248,Wirral 030A,Lower Super Output Areas and Data Zones,LSOADZ,1535,
26319,E01007249,Wirral 025A,Lower Super Output Areas and Data Zones,LSOADZ,1358,
26320,E01007250,Wirral 030B,Lower Super Output Areas and Data Zones,LSOADZ,1415,
26321,E01007251,Wirral 025B,Lower Super Output Areas and Data Zones,LSOADZ,1169,
26322,E01007252,Wirral 024E,Lower Super Output Areas and Data Zones,LSOADZ,1548,
26323,E01007253,Wirral 030C,Lower Super Output Areas and Data Zones,LSOADZ,1552,
26324,E01007254,Wirral 030D,Lower Super Output Areas and Data Zones,LSOADZ,1524,
26325,E01007255,Wirral 034B,Lower Super Output Areas and Data Zones,LSOADZ,1502,
26326,E01007256,Wirral 034C,Lower Super Output Areas and Data Zones,LSOADZ,1581,
26327,E01007257,Wirral 025C,Lower Super Output Areas and Data Zones,LSOADZ,1299,
26328,E01007258,Wirral 028A,Lower Super Output Areas and Data Zones,LSOADZ,1454,
26329,E01007259,Wirral 023A,Lower Super Output Areas and Data Zones,LSOADZ,1208,
26330,E01007260,Wirral 028B,Lower Super Output Areas and Data Zones,LSOADZ,1561,
26331,E01007261,Wirral 023B,Lower Super Output Areas and Data Zones,LSOADZ,1364,
26332,E01007262,Wirral 028C,Lower Super Output Areas and Data Zones,LSOADZ,1499,
26333,E01007263,Wirral 026D,Lower Super Output Areas and Data Zones,LSOADZ,1415,
26334,E01007264,Wirral 023C,Lower Super Output Areas and Data Zones,LSOADZ,1412,
26335,E01007265,Wirral 017C,Lower Super Output Areas and Data Zones,LSOADZ,1365,
26336,E01007266,Wirral 023D,Lower Super Output Areas and Data Zones,LSOADZ,1538,
26337,E01007267,Wirral 023E,Lower Super Output Areas and Data Zones,LSOADZ,1454,
26338,E01007268,Wirral 023F,Lower Super Output Areas and Data Zones,LSOADZ,1317,
26339,E01007269,Wirral 010C,Lower Super Output Areas and Data Zones,LSOADZ,1816,
26340,E01007270,Wirral 010D,Lower Super Output Areas and Data Zones,LSOADZ,1689,
26341,E01007271,Wirral 010E,Lower Super Output Areas and Data Zones,LSOADZ,1670,
26342,E01007272,Wirral 008A,Lower Super Output Areas and Data Zones,LSOADZ,1487,
26343,E01007273,Wirral 008B,Lower Super Output Areas and Data Zones,LSOADZ,1310,
26344,E01007274,Wirral 008C,Lower Super Output Areas and Data Zones,LSOADZ,1368,
26345,E01007275,Wirral 005E,Lower Super Output Areas and Data Zones,LSOADZ,1562,
26346,E01007276,Wirral 007E,Lower Super Output Areas and Data Zones,LSOADZ,1550,
26347,E01007277,Wirral 008D,Lower Super Output Areas and Data Zones,LSOADZ,1459,
26348,E01007278,Wirral 008E,Lower Super Output Areas and Data Zones,LSOADZ,1476,
26349,E01007279,Wirral 034D,Lower Super Output Areas and Data Zones,LSOADZ,1680,
26350,E01007280,Wirral 033A,Lower Super Output Areas and Data Zones,LSOADZ,1742,
26351,E01007281,Wirral 028D,Lower Super Output Areas and Data Zones,LSOADZ,1333,
26352,E01007282,Wirral 026E,Lower Super Output Areas and Data Zones,LSOADZ,1418,
26353,E01007283,Wirral 028E,Lower Super Output Areas and Data Zones,LSOADZ,1266,
26354,E01007284,Wirral 033B,Lower Super Output Areas and Data Zones,LSOADZ,1623,
26355,E01007285,Wirral 033C,Lower Super Output Areas and Data Zones,LSOADZ,1489,
26356,E01007286,Wirral 034E,Lower Super Output Areas and Data Zones,LSOADZ,1437,
26357,E01007287,Wirral 033D,Lower Super Output Areas and Data Zones,LSOADZ,1837,
26358,E01007288,Wirral 037E,Lower Super Output Areas and Data Zones,LSOADZ,1587,
26359,E01007289,Wirral 031E,Lower Super Output Areas and Data Zones,LSOADZ,1599,
26360,E01007290,Wirral 027B,Lower Super Output Areas and Data Zones,LSOADZ,1743,
26361,E01007291,Wirral 021D,Lower Super Output Areas and Data Zones,LSOADZ,1670,
26362,E01007292,Wirral 021E,Lower Super Output Areas and Data Zones,LSOADZ,1472,
26363,E01007293,Wirral 027C,Lower Super Output Areas and Data Zones,LSOADZ,1483,
26364,E01007294,Wirral 021F,Lower Super Output Areas and Data Zones,LSOADZ,1481,
26365,E01007295,Wirral 027D,Lower Super Output Areas and Data Zones,LSOADZ,1185,
26366,E01007296,Wirral 027E,Lower Super Output Areas and Data Zones,LSOADZ,1713,
26367,E01007297,Wirral 018A,Lower Super Output Areas and Data Zones,LSOADZ,1436,
26368,E01007298,Wirral 018B,Lower Super Output Areas and Data Zones,LSOADZ,1529,
26369,E01007299,Wirral 017D,Lower Super Output Areas and Data Zones,LSOADZ,1344,
26370,E01007300,Wirral 019D,Lower Super Output Areas and Data Zones,LSOADZ,1914,
26371,E01007301,Wirral 018C,Lower Super Output Areas and Data Zones,LSOADZ,1632,
26372,E01007302,Wirral 018D,Lower Super Output Areas and Data Zones,LSOADZ,1435,
26373,E01007303,Wirral 025D,Lower Super Output Areas and Data Zones,LSOADZ,1438,
26374,E01007304,Wirral 025E,Lower Super Output Areas and Data Zones,LSOADZ,1569,
26375,E01007305,Wirral 018E,Lower Super Output Areas and Data Zones,LSOADZ,1631,
26376,E01007306,Wirral 017E,Lower Super Output Areas and Data Zones,LSOADZ,1612,
26377,E01007307,Wirral 003A,Lower Super Output Areas and Data Zones,LSOADZ,1753,
26378,E01007308,Wirral 003B,Lower Super Output Areas and Data Zones,LSOADZ,1489,
26379,E01007309,Wirral 006D,Lower Super Output Areas and Data Zones,LSOADZ,1546,
26380,E01007310,Wirral 004C,Lower Super Output Areas and Data Zones,LSOADZ,1388,
26381,E01007311,Wirral 004D,Lower Super Output Areas and Data Zones,LSOADZ,1473,
26382,E01007312,Wirral 003C,Lower Super Output Areas and Data Zones,LSOADZ,1491,
26383,E01007313,Wirral 003D,Lower Super Output Areas and Data Zones,LSOADZ,1553,
26384,E01007314,Wirral 004E,Lower Super Output Areas and Data Zones,LSOADZ,1489,
26385,E01007315,Wirral 003E,Lower Super Output Areas and Data Zones,LSOADZ,1543,
26386,E01007316,Wirral 004F,Lower Super Output Areas and Data Zones,LSOADZ,1535,
50957,E01032505,Liverpool 050F,Lower Super Output Areas and Data Zones,LSOADZ,1317,
50958,E01032506,Liverpool 050G,Lower Super Output Areas and Data Zones,LSOADZ,1403,
50959,E01032507,Liverpool 050H,Lower Super Output Areas and Data Zones,LSOADZ,1539,
50960,E01032508,Liverpool 027G,Lower Super Output Areas and Data Zones,LSOADZ,1723,
50961,E01032509,Liverpool 027H,Lower Super Output Areas and Data Zones,LSOADZ,1434,
50962,E01032510,Liverpool 008F,Lower Super Output Areas and Data Zones,LSOADZ,1809,
50963,E01032511,Liverpool 008G,Lower Super Output Areas and Data Zones,LSOADZ,1378,
51329,E01032903,Wirral 010F,Lower Super Output Areas and Data Zones,LSOADZ,2451,
51330,E01032904,St. Helens 019I,Lower Super Output Areas and Data Zones,LSOADZ,1880,
51331,E01032905,St. Helens 019J,Lower Super Output Areas and Data Zones,LSOADZ,1570,
51507,E01033094,Sefton 004F,Lower Super Output Areas and Data Zones,LSOADZ,988,
51508,E01033095,Sefton 033F,Lower Super Output Areas and Data Zones,LSOADZ,1845,
51509,E01033096,Sefton 018F,Lower Super Output Areas and Data Zones,LSOADZ,2531,
51510,E01033097,Sefton 004G,Lower Super Output Areas and Data Zones,LSOADZ,1050,
51625,E01033228,Knowsley 008F,Lower Super Output Areas and Data Zones,LSOADZ,1907,
52085,E01033747,Liverpool 018F,Lower Super Output Areas and Data Zones,LSOADZ,1043,
52086,E01033748,Liverpool 050I,Lower Super Output Areas and Data Zones,LSOADZ,1277,
52087,E01033749,Liverpool 042F,Lower Super Output Areas and Data Zones,LSOADZ,1153,
52088,E01033750,Liverpool 061A,Lower Super Output Areas and Data Zones,LSOADZ,1448,
52089,E01033751,Liverpool 062A,Lower Super Output Areas and Data Zones,LSOADZ,1873,
52090,E01033752,Liverpool 062B,Lower Super Output Areas and Data Zones,LSOADZ,1196,
52091,E01033753,Liverpool 062C,Lower Super Output Areas and Data Zones,LSOADZ,1051,
52092,E01033754,Liverpool 061B,Lower Super Output Areas and Data Zones,LSOADZ,1452,
52093,E01033755,Liverpool 062D,Lower Super Output Areas and Data Zones,LSOADZ,1082,
52094,E01033756,Liverpool 061C,Lower Super Output Areas and Data Zones,LSOADZ,1185,
52095,E01033757,Liverpool 037E,Lower Super Output Areas and Data Zones,LSOADZ,1025,
52096,E01033758,Liverpool 060B,Lower Super Output Areas and Data Zones,LSOADZ,1730,
52097,E01033759,Liverpool 010F,Lower Super Output Areas and Data Zones,LSOADZ,1147,
52098,E01033760,Liverpool 060C,Lower Super Output Areas and Data Zones,LSOADZ,2115,
52099,E01033761,Liverpool 060D,Lower Super Output Areas and Data Zones,LSOADZ,1372,
52100,E01033762,Liverpool 060E,Lower Super Output Areas and Data Zones,LSOADZ,1791,
52101,E01033763,Liverpool 031G,Lower Super Output Areas and Data Zones,LSOADZ,1527,
52102,E01033764,Liverpool 022E,Lower Super Output Areas and Data Zones,LSOADZ,2202,
52103,E01033765,Liverpool 061D,Lower Super Output Areas and Data Zones,LSOADZ,1351,
52104,E01033766,Liverpool 042G,Lower Super Output Areas and Data Zones,LSOADZ,1075,
52105,E01033767,Liverpool 050J,Lower Super Output Areas and Data Zones,LSOADZ,1067,
52106,E01033768,Liverpool 037F,Lower Super Output Areas and Data Zones,LSOADZ,1223,
